"ad_id","screenshot_path","label","split","ocr_text","ocr_status","ocr_error","ocr_characters"
"1461270","data/chi-bad-ads-data-main/screenshots/1461270.webp","1","test","","ok","","197"
"1461275","data/chi-bad-ads-data-main/screenshots/1461275.webp","1","train","","ok","","77"
"1461279","data/chi-bad-ads-data-main/screenshots/1461279.webp","0","train","","ok","","58"
"1461319","data/chi-bad-ads-data-main/screenshots/1461319.webp","0","train","","ok","","75"
"1461346","data/chi-bad-ads-data-main/screenshots/1461346.webp","0","train","","ok","","128"
"1461378","data/chi-bad-ads-data-main/screenshots/1461378.webp","0","train","","ok","","31"
"1461427","data/chi-bad-ads-data-main/screenshots/1461427.webp","1","validation","","ok","","164"
"1461473","data/chi-bad-ads-data-main/screenshots/1461473.webp","0","train","","ok","","106"
"1461482","data/chi-bad-ads-data-main/screenshots/1461482.webp","1","train","","ok","","211"
"1461495","data/chi-bad-ads-data-main/screenshots/1461495.webp","1","train","","ok","","116"
"1461505","data/chi-bad-ads-data-main/screenshots/1461505.webp","1","test","","ok","","485"
"1461512","data/chi-bad-ads-data-main/screenshots/1461512.webp","1","test","","ok","","118"
"1461515","data/chi-bad-ads-data-main/screenshots/1461515.webp","0","validation","","ok","","44"
"1461542","data/chi-bad-ads-data-main/screenshots/1461542.webp","0","train","","ok","","30"
"1461550","data/chi-bad-ads-data-main/screenshots/1461550.webp","0","train","","ok","","3"
"1461573","data/chi-bad-ads-data-main/screenshots/1461573.webp","1","validation","","ok","","96"
"1461654","data/chi-bad-ads-data-main/screenshots/1461654.webp","1","train","","ok","","73"
"1461709","data/chi-bad-ads-data-main/screenshots/1461709.webp","1","validation","","ok","","156"
"1461765","data/chi-bad-ads-data-main/screenshots/1461765.webp","0","train","","ok","","94"
"1461781","data/chi-bad-ads-data-main/screenshots/1461781.webp","1","train","","ok","","132"
"1461795","data/chi-bad-ads-data-main/screenshots/1461795.webp","1","validation","","ok","","57"
"1461798","data/chi-bad-ads-data-main/screenshots/1461798.webp","1","train","","ok","","99"
"1461810","data/chi-bad-ads-data-main/screenshots/1461810.webp","1","validation","","ok","","123"
"1461828","data/chi-bad-ads-data-main/screenshots/1461828.webp","0","train","","ok","","172"
"1461830","data/chi-bad-ads-data-main/screenshots/1461830.webp","1","train","","ok","","82"
"1461989","data/chi-bad-ads-data-main/screenshots/1461989.webp","1","test","","ok","","273"
"1461990","data/chi-bad-ads-data-main/screenshots/1461990.webp","0","train","","ok","","52"
"1462090","data/chi-bad-ads-data-main/screenshots/1462090.webp","1","validation","","ok","","149"
"1462091","data/chi-bad-ads-data-main/screenshots/1462091.webp","0","validation","","ok","","34"
"1462110","data/chi-bad-ads-data-main/screenshots/1462110.webp","0","train","","ok","","72"
"1462117","data/chi-bad-ads-data-main/screenshots/1462117.webp","0","test","","ok","","73"
"1462162","data/chi-bad-ads-data-main/screenshots/1462162.webp","1","train","","ok","","154"
"1462354","data/chi-bad-ads-data-main/screenshots/1462354.webp","0","validation","","ok","","63"
"1462372","data/chi-bad-ads-data-main/screenshots/1462372.webp","1","train","","ok","","91"
"1462385","data/chi-bad-ads-data-main/screenshots/1462385.webp","1","test","","ok","","82"
"1462434","data/chi-bad-ads-data-main/screenshots/1462434.webp","0","validation","","ok","","147"
"1462442","data/chi-bad-ads-data-main/screenshots/1462442.webp","0","train","","ok","","97"
"1462506","data/chi-bad-ads-data-main/screenshots/1462506.webp","1","test","","ok","","282"
"1462524","data/chi-bad-ads-data-main/screenshots/1462524.webp","1","train","","ok","","71"
"1462538","data/chi-bad-ads-data-main/screenshots/1462538.webp","0","test","","ok","","94"
"1462549","data/chi-bad-ads-data-main/screenshots/1462549.webp","1","train","","ok","","78"
"1462571","data/chi-bad-ads-data-main/screenshots/1462571.webp","1","validation","","ok","","105"
"1462575","data/chi-bad-ads-data-main/screenshots/1462575.webp","1","test","","ok","","99"
"1462660","data/chi-bad-ads-data-main/screenshots/1462660.webp","1","train","","ok","","102"
"1462723","data/chi-bad-ads-data-main/screenshots/1462723.webp","0","train","","ok","","127"
"1462728","data/chi-bad-ads-data-main/screenshots/1462728.webp","0","train","","ok","","48"
"1462747","data/chi-bad-ads-data-main/screenshots/1462747.webp","1","train","","ok","","85"
"1462772","data/chi-bad-ads-data-main/screenshots/1462772.webp","1","train","","ok","","47"
"1462785","data/chi-bad-ads-data-main/screenshots/1462785.webp","1","validation","","ok","","227"
"1462792","data/chi-bad-ads-data-main/screenshots/1462792.webp","1","train","","ok","","10"
"1462827","data/chi-bad-ads-data-main/screenshots/1462827.webp","1","test","","ok","","94"
"1462834","data/chi-bad-ads-data-main/screenshots/1462834.webp","0","test","","ok","","107"
"1462836","data/chi-bad-ads-data-main/screenshots/1462836.webp","1","test","","ok","","187"
"1462838","data/chi-bad-ads-data-main/screenshots/1462838.webp","1","validation","","ok","","72"
"1462839","data/chi-bad-ads-data-main/screenshots/1462839.webp","1","train","","ok","","67"
"1462849","data/chi-bad-ads-data-main/screenshots/1462849.webp","1","train","","ok","","213"
"1462850","data/chi-bad-ads-data-main/screenshots/1462850.webp","0","validation","","ok","","116"
"1462852","data/chi-bad-ads-data-main/screenshots/1462852.webp","1","train","","ok","","80"
"1462907","data/chi-bad-ads-data-main/screenshots/1462907.webp","0","train","","ok","","45"
"1462911","data/chi-bad-ads-data-main/screenshots/1462911.webp","0","train","","ok","","179"
"1462915","data/chi-bad-ads-data-main/screenshots/1462915.webp","1","test","","ok","","80"
"1462933","data/chi-bad-ads-data-main/screenshots/1462933.webp","0","train","","ok","","100"
"1463063","data/chi-bad-ads-data-main/screenshots/1463063.webp","0","test","","ok","","140"
"1463071","data/chi-bad-ads-data-main/screenshots/1463071.webp","0","validation","","ok","","87"
"1463090","data/chi-bad-ads-data-main/screenshots/1463090.webp","1","train","","ok","","126"
"1463103","data/chi-bad-ads-data-main/screenshots/1463103.webp","1","train","","ok","","26"
"1463122","data/chi-bad-ads-data-main/screenshots/1463122.webp","0","test","","ok","","76"
"1463140","data/chi-bad-ads-data-main/screenshots/1463140.webp","0","validation","","ok","","70"
"1463160","data/chi-bad-ads-data-main/screenshots/1463160.webp","1","train","","ok","","107"
"1463163","data/chi-bad-ads-data-main/screenshots/1463163.webp","0","train","","ok","","83"
"1463224","data/chi-bad-ads-data-main/screenshots/1463224.webp","1","train","","ok","","98"
"1463250","data/chi-bad-ads-data-main/screenshots/1463250.webp","1","train","","ok","","73"
"1463254","data/chi-bad-ads-data-main/screenshots/1463254.webp","0","validation","","ok","","136"
"1463277","data/chi-bad-ads-data-main/screenshots/1463277.webp","0","train","","ok","","112"
"1463290","data/chi-bad-ads-data-main/screenshots/1463290.webp","0","train","","ok","","24"
"1463328","data/chi-bad-ads-data-main/screenshots/1463328.webp","1","test","","ok","","76"
"1463396","data/chi-bad-ads-data-main/screenshots/1463396.webp","0","validation","","ok","","99"
"1463461","data/chi-bad-ads-data-main/screenshots/1463461.webp","1","train","","ok","","55"
"1463480","data/chi-bad-ads-data-main/screenshots/1463480.webp","0","train","","ok","","89"
"1463487","data/chi-bad-ads-data-main/screenshots/1463487.webp","1","train","","ok","","71"
"1463520","data/chi-bad-ads-data-main/screenshots/1463520.webp","0","train","","ok","","63"
"1463524","data/chi-bad-ads-data-main/screenshots/1463524.webp","0","train","","ok","","146"
"1463536","data/chi-bad-ads-data-main/screenshots/1463536.webp","0","validation","","ok","","79"
"1463579","data/chi-bad-ads-data-main/screenshots/1463579.webp","0","train","","ok","","35"
"1463581","data/chi-bad-ads-data-main/screenshots/1463581.webp","1","train","","ok","","94"
"1463746","data/chi-bad-ads-data-main/screenshots/1463746.webp","0","test","","ok","","176"
"1463748","data/chi-bad-ads-data-main/screenshots/1463748.webp","0","test","","ok","","76"
"1463775","data/chi-bad-ads-data-main/screenshots/1463775.webp","1","train","","ok","","483"
"1463782","data/chi-bad-ads-data-main/screenshots/1463782.webp","0","validation","","ok","","72"
"1463785","data/chi-bad-ads-data-main/screenshots/1463785.webp","0","train","","ok","","35"
"1463794","data/chi-bad-ads-data-main/screenshots/1463794.webp","1","train","","ok","","102"
"1463806","data/chi-bad-ads-data-main/screenshots/1463806.webp","0","test","","ok","","108"
"1463810","data/chi-bad-ads-data-main/screenshots/1463810.webp","1","train","","ok","","71"
"1463816","data/chi-bad-ads-data-main/screenshots/1463816.webp","1","train","","ok","","202"
"1463837","data/chi-bad-ads-data-main/screenshots/1463837.webp","1","train","","ok","","84"
"1463844","data/chi-bad-ads-data-main/screenshots/1463844.webp","1","train","","ok","","66"
"1463875","data/chi-bad-ads-data-main/screenshots/1463875.webp","1","validation","","ok","","73"
"1463883","data/chi-bad-ads-data-main/screenshots/1463883.webp","0","train","","ok","","133"
"1463885","data/chi-bad-ads-data-main/screenshots/1463885.webp","1","train","","ok","","57"
"1463887","data/chi-bad-ads-data-main/screenshots/1463887.webp","1","validation","","ok","","107"
"1463888","data/chi-bad-ads-data-main/screenshots/1463888.webp","0","train","","ok","","82"
"1463899","data/chi-bad-ads-data-main/screenshots/1463899.webp","0","test","","ok","","90"
"1463931","data/chi-bad-ads-data-main/screenshots/1463931.webp","0","train","","ok","","28"
"1463952","data/chi-bad-ads-data-main/screenshots/1463952.webp","0","train","","ok","","166"
"1463954","data/chi-bad-ads-data-main/screenshots/1463954.webp","0","train","","ok","","117"
"1463962","data/chi-bad-ads-data-main/screenshots/1463962.webp","0","train","","ok","","182"
"1463986","data/chi-bad-ads-data-main/screenshots/1463986.webp","1","validation","","ok","","41"
"1464003","data/chi-bad-ads-data-main/screenshots/1464003.webp","1","train","","ok","","40"
"1464094","data/chi-bad-ads-data-main/screenshots/1464094.webp","1","train","","ok","","83"
"1464256","data/chi-bad-ads-data-main/screenshots/1464256.webp","1","test","","ok","","118"
"1464410","data/chi-bad-ads-data-main/screenshots/1464410.webp","1","train","","ok","","137"
"1464504","data/chi-bad-ads-data-main/screenshots/1464504.webp","0","train","","ok","","63"
"1464534","data/chi-bad-ads-data-main/screenshots/1464534.webp","0","train","","ok","","6"
"1464539","data/chi-bad-ads-data-main/screenshots/1464539.webp","0","test","","ok","","54"
"1464542","data/chi-bad-ads-data-main/screenshots/1464542.webp","1","train","","ok","","145"
"1464567","data/chi-bad-ads-data-main/screenshots/1464567.webp","0","validation","","ok","","27"
"1464590","data/chi-bad-ads-data-main/screenshots/1464590.webp","0","test","","ok","","86"
"1464597","data/chi-bad-ads-data-main/screenshots/1464597.webp","1","train","","ok","","93"
"1464648","data/chi-bad-ads-data-main/screenshots/1464648.webp","1","train","","ok","","255"
"1464649","data/chi-bad-ads-data-main/screenshots/1464649.webp","0","validation","","ok","","50"
"1464747","data/chi-bad-ads-data-main/screenshots/1464747.webp","1","validation","","ok","","108"
"1464751","data/chi-bad-ads-data-main/screenshots/1464751.webp","1","validation","","ok","","175"
"1464793","data/chi-bad-ads-data-main/screenshots/1464793.webp","0","validation","","ok","","170"
"1464809","data/chi-bad-ads-data-main/screenshots/1464809.webp","0","test","","ok","","106"
"1464850","data/chi-bad-ads-data-main/screenshots/1464850.webp","1","validation","","ok","","69"
"1464894","data/chi-bad-ads-data-main/screenshots/1464894.webp","1","train","","ok","","61"
"1464906","data/chi-bad-ads-data-main/screenshots/1464906.webp","0","test","","ok","","39"
"1464988","data/chi-bad-ads-data-main/screenshots/1464988.webp","1","validation","","ok","","153"
"1464995","data/chi-bad-ads-data-main/screenshots/1464995.webp","1","train","","ok","","154"
"1465007","data/chi-bad-ads-data-main/screenshots/1465007.webp","0","test","","ok","","207"
"1465015","data/chi-bad-ads-data-main/screenshots/1465015.webp","0","validation","","ok","","32"
"1465019","data/chi-bad-ads-data-main/screenshots/1465019.webp","0","train","","ok","","75"
"1465095","data/chi-bad-ads-data-main/screenshots/1465095.webp","1","train","","ok","","484"
"1465103","data/chi-bad-ads-data-main/screenshots/1465103.webp","1","test","","ok","","78"
"1465106","data/chi-bad-ads-data-main/screenshots/1465106.webp","1","validation","","ok","","105"
"1465132","data/chi-bad-ads-data-main/screenshots/1465132.webp","1","train","","ok","","175"
"1465162","data/chi-bad-ads-data-main/screenshots/1465162.webp","1","validation","","ok","","64"
"1465218","data/chi-bad-ads-data-main/screenshots/1465218.webp","1","train","","ok","","75"
"1465219","data/chi-bad-ads-data-main/screenshots/1465219.webp","0","train","","ok","","71"
"1465270","data/chi-bad-ads-data-main/screenshots/1465270.webp","0","train","","ok","","137"
"1465330","data/chi-bad-ads-data-main/screenshots/1465330.webp","1","train","","ok","","194"
"1465363","data/chi-bad-ads-data-main/screenshots/1465363.webp","1","test","","ok","","56"
"1465380","data/chi-bad-ads-data-main/screenshots/1465380.webp","1","train","","ok","","90"
"1465385","data/chi-bad-ads-data-main/screenshots/1465385.webp","0","train","","ok","","17"
"1465472","data/chi-bad-ads-data-main/screenshots/1465472.webp","1","train","","ok","","110"
"1465493","data/chi-bad-ads-data-main/screenshots/1465493.webp","0","train","","ok","","99"
"1465524","data/chi-bad-ads-data-main/screenshots/1465524.webp","1","validation","","ok","","191"
"1465577","data/chi-bad-ads-data-main/screenshots/1465577.webp","1","test","","ok","","98"
"1465628","data/chi-bad-ads-data-main/screenshots/1465628.webp","1","train","","ok","","97"
"1465660","data/chi-bad-ads-data-main/screenshots/1465660.webp","0","train","","ok","","121"
"1465673","data/chi-bad-ads-data-main/screenshots/1465673.webp","1","validation","","ok","","79"
"1465703","data/chi-bad-ads-data-main/screenshots/1465703.webp","0","train","","ok","","151"
"1465714","data/chi-bad-ads-data-main/screenshots/1465714.webp","1","train","","ok","","102"
"1465717","data/chi-bad-ads-data-main/screenshots/1465717.webp","1","validation","","ok","","63"
"1465725","data/chi-bad-ads-data-main/screenshots/1465725.webp","1","train","","ok","","86"
"1465793","data/chi-bad-ads-data-main/screenshots/1465793.webp","0","train","","ok","","57"
"1465811","data/chi-bad-ads-data-main/screenshots/1465811.webp","0","validation","","ok","","89"
"1465856","data/chi-bad-ads-data-main/screenshots/1465856.webp","1","train","","ok","","193"
"1465887","data/chi-bad-ads-data-main/screenshots/1465887.webp","0","train","","ok","","56"
"1465912","data/chi-bad-ads-data-main/screenshots/1465912.webp","1","train","","ok","","215"
"1465916","data/chi-bad-ads-data-main/screenshots/1465916.webp","1","train","","ok","","94"
"1465919","data/chi-bad-ads-data-main/screenshots/1465919.webp","1","train","","ok","","157"
"1465924","data/chi-bad-ads-data-main/screenshots/1465924.webp","1","validation","","ok","","202"
"1465925","data/chi-bad-ads-data-main/screenshots/1465925.webp","0","train","","ok","","102"
"1466000","data/chi-bad-ads-data-main/screenshots/1466000.webp","1","train","","ok","","145"
"1466065","data/chi-bad-ads-data-main/screenshots/1466065.webp","0","train","","ok","","81"
"1466200","data/chi-bad-ads-data-main/screenshots/1466200.webp","1","test","","ok","","71"
"1466220","data/chi-bad-ads-data-main/screenshots/1466220.webp","0","validation","","ok","","80"
"1466222","data/chi-bad-ads-data-main/screenshots/1466222.webp","0","train","","ok","","100"
"1466260","data/chi-bad-ads-data-main/screenshots/1466260.webp","0","train","","ok","","122"
"1466379","data/chi-bad-ads-data-main/screenshots/1466379.webp","0","test","","ok","","44"
"1466396","data/chi-bad-ads-data-main/screenshots/1466396.webp","0","test","","ok","","40"
"1466411","data/chi-bad-ads-data-main/screenshots/1466411.webp","1","test","","ok","","43"
"1466412","data/chi-bad-ads-data-main/screenshots/1466412.webp","1","train","","ok","","240"
"1466420","data/chi-bad-ads-data-main/screenshots/1466420.webp","1","train","","ok","","86"
"1466424","data/chi-bad-ads-data-main/screenshots/1466424.webp","0","train","","ok","","107"
"1466493","data/chi-bad-ads-data-main/screenshots/1466493.webp","0","train","","ok","","153"
"1466501","data/chi-bad-ads-data-main/screenshots/1466501.webp","1","test","","ok","","64"
"1466531","data/chi-bad-ads-data-main/screenshots/1466531.webp","0","train","","ok","","136"
"1466565","data/chi-bad-ads-data-main/screenshots/1466565.webp","0","validation","","ok","","91"
"1466575","data/chi-bad-ads-data-main/screenshots/1466575.webp","0","test","","empty","","0"
"1466632","data/chi-bad-ads-data-main/screenshots/1466632.webp","0","test","","ok","","61"
"1466641","data/chi-bad-ads-data-main/screenshots/1466641.webp","0","validation","","ok","","63"
"1466686","data/chi-bad-ads-data-main/screenshots/1466686.webp","0","train","","ok","","134"
"1466734","data/chi-bad-ads-data-main/screenshots/1466734.webp","0","train","","ok","","74"
"1466738","data/chi-bad-ads-data-main/screenshots/1466738.webp","0","validation","","ok","","79"
"1466777","data/chi-bad-ads-data-main/screenshots/1466777.webp","0","test","","ok","","83"
"1466779","data/chi-bad-ads-data-main/screenshots/1466779.webp","0","train","","ok","","161"
"1466795","data/chi-bad-ads-data-main/screenshots/1466795.webp","0","validation","","ok","","98"
"1466855","data/chi-bad-ads-data-main/screenshots/1466855.webp","0","train","","ok","","104"
"1466870","data/chi-bad-ads-data-main/screenshots/1466870.webp","1","validation","","ok","","102"
"1466876","data/chi-bad-ads-data-main/screenshots/1466876.webp","1","train","","ok","","144"
"1466945","data/chi-bad-ads-data-main/screenshots/1466945.webp","1","train","","ok","","241"
"1466963","data/chi-bad-ads-data-main/screenshots/1466963.webp","1","train","","ok","","96"
"1466995","data/chi-bad-ads-data-main/screenshots/1466995.webp","0","train","","ok","","145"
"1467012","data/chi-bad-ads-data-main/screenshots/1467012.webp","1","validation","","ok","","131"
"1467019","data/chi-bad-ads-data-main/screenshots/1467019.webp","0","validation","","ok","","54"
"1467041","data/chi-bad-ads-data-main/screenshots/1467041.webp","0","validation","","ok","","107"
"1467128","data/chi-bad-ads-data-main/screenshots/1467128.webp","0","test","","ok","","53"
"1467135","data/chi-bad-ads-data-main/screenshots/1467135.webp","0","test","","ok","","77"
"1467175","data/chi-bad-ads-data-main/screenshots/1467175.webp","0","train","","ok","","93"
"1467218","data/chi-bad-ads-data-main/screenshots/1467218.webp","0","train","","ok","","47"
"1467265","data/chi-bad-ads-data-main/screenshots/1467265.webp","0","validation","","ok","","37"
"1467293","data/chi-bad-ads-data-main/screenshots/1467293.webp","0","train","","ok","","85"
"1467433","data/chi-bad-ads-data-main/screenshots/1467433.webp","0","test","","ok","","61"
"1467474","data/chi-bad-ads-data-main/screenshots/1467474.webp","0","train","","ok","","67"
"1467484","data/chi-bad-ads-data-main/screenshots/1467484.webp","0","train","","ok","","94"
"1467518","data/chi-bad-ads-data-main/screenshots/1467518.webp","0","train","","ok","","222"
"1467521","data/chi-bad-ads-data-main/screenshots/1467521.webp","1","train","","ok","","261"
"1467537","data/chi-bad-ads-data-main/screenshots/1467537.webp","0","validation","","ok","","89"
"1467549","data/chi-bad-ads-data-main/screenshots/1467549.webp","0","test","","ok","","149"
"1467681","data/chi-bad-ads-data-main/screenshots/1467681.webp","0","train","","ok","","74"
"1467726","data/chi-bad-ads-data-main/screenshots/1467726.webp","1","validation","","ok","","154"
"1467739","data/chi-bad-ads-data-main/screenshots/1467739.webp","0","train","","ok","","114"
"1467892","data/chi-bad-ads-data-main/screenshots/1467892.webp","0","validation","","ok","","141"
"1467912","data/chi-bad-ads-data-main/screenshots/1467912.webp","0","validation","","ok","","177"
"1467945","data/chi-bad-ads-data-main/screenshots/1467945.webp","0","train","","ok","","36"
"1467959","data/chi-bad-ads-data-main/screenshots/1467959.webp","0","train","","ok","","45"
"1468028","data/chi-bad-ads-data-main/screenshots/1468028.webp","1","test","","ok","","98"
"1468040","data/chi-bad-ads-data-main/screenshots/1468040.webp","0","validation","","ok","","113"
"1468079","data/chi-bad-ads-data-main/screenshots/1468079.webp","1","train","","ok","","95"
"1468087","data/chi-bad-ads-data-main/screenshots/1468087.webp","0","train","","ok","","4"
"1468122","data/chi-bad-ads-data-main/screenshots/1468122.webp","1","test","","ok","","149"
"1468142","data/chi-bad-ads-data-main/screenshots/1468142.webp","0","train","","ok","","62"
"1468148","data/chi-bad-ads-data-main/screenshots/1468148.webp","1","test","","ok","","59"
"1468157","data/chi-bad-ads-data-main/screenshots/1468157.webp","1","test","","ok","","76"
"1468161","data/chi-bad-ads-data-main/screenshots/1468161.webp","1","train","","ok","","70"
"1468172","data/chi-bad-ads-data-main/screenshots/1468172.webp","1","validation","","ok","","56"
"1468254","data/chi-bad-ads-data-main/screenshots/1468254.webp","1","test","","ok","","111"
"1468323","data/chi-bad-ads-data-main/screenshots/1468323.webp","1","train","","ok","","97"
"1468330","data/chi-bad-ads-data-main/screenshots/1468330.webp","1","train","","ok","","32"
"1468332","data/chi-bad-ads-data-main/screenshots/1468332.webp","1","train","","ok","","126"
"1468348","data/chi-bad-ads-data-main/screenshots/1468348.webp","0","validation","","ok","","56"
"1468503","data/chi-bad-ads-data-main/screenshots/1468503.webp","1","train","","ok","","119"
"1468505","data/chi-bad-ads-data-main/screenshots/1468505.webp","0","train","","ok","","77"
"1468523","data/chi-bad-ads-data-main/screenshots/1468523.webp","1","validation","","ok","","96"
"1468539","data/chi-bad-ads-data-main/screenshots/1468539.webp","0","train","","ok","","116"
"1468584","data/chi-bad-ads-data-main/screenshots/1468584.webp","1","train","","ok","","62"
"1468598","data/chi-bad-ads-data-main/screenshots/1468598.webp","0","test","","ok","","101"
"1468697","data/chi-bad-ads-data-main/screenshots/1468697.webp","1","validation","","ok","","168"
"1468744","data/chi-bad-ads-data-main/screenshots/1468744.webp","1","train","","ok","","54"
"1468745","data/chi-bad-ads-data-main/screenshots/1468745.webp","0","train","","ok","","83"
"1468756","data/chi-bad-ads-data-main/screenshots/1468756.webp","0","train","","ok","","87"
"1468805","data/chi-bad-ads-data-main/screenshots/1468805.webp","1","test","","ok","","220"
"1468855","data/chi-bad-ads-data-main/screenshots/1468855.webp","0","train","","ok","","153"
"1468866","data/chi-bad-ads-data-main/screenshots/1468866.webp","1","train","","ok","","71"
"1468874","data/chi-bad-ads-data-main/screenshots/1468874.webp","0","train","","ok","","106"
"1468959","data/chi-bad-ads-data-main/screenshots/1468959.webp","1","train","","ok","","111"
"1469039","data/chi-bad-ads-data-main/screenshots/1469039.webp","0","validation","","ok","","77"
"1469101","data/chi-bad-ads-data-main/screenshots/1469101.webp","0","test","","ok","","76"
"1469144","data/chi-bad-ads-data-main/screenshots/1469144.webp","0","test","","ok","","71"
"1469273","data/chi-bad-ads-data-main/screenshots/1469273.webp","0","validation","","ok","","43"
"1469324","data/chi-bad-ads-data-main/screenshots/1469324.webp","0","validation","","ok","","66"
"1469331","data/chi-bad-ads-data-main/screenshots/1469331.webp","0","train","","ok","","59"
"1469347","data/chi-bad-ads-data-main/screenshots/1469347.webp","0","train","","ok","","46"
"1469393","data/chi-bad-ads-data-main/screenshots/1469393.webp","1","test","","ok","","81"
"1469453","data/chi-bad-ads-data-main/screenshots/1469453.webp","1","validation","","ok","","87"
"1469473","data/chi-bad-ads-data-main/screenshots/1469473.webp","0","train","","ok","","59"
"1469526","data/chi-bad-ads-data-main/screenshots/1469526.webp","0","train","","ok","","91"
"1469561","data/chi-bad-ads-data-main/screenshots/1469561.webp","1","train","","ok","","207"
"1469565","data/chi-bad-ads-data-main/screenshots/1469565.webp","0","train","","ok","","98"
"1469567","data/chi-bad-ads-data-main/screenshots/1469567.webp","0","validation","","ok","","122"
"1469647","data/chi-bad-ads-data-main/screenshots/1469647.webp","0","train","","ok","","95"
"1469656","data/chi-bad-ads-data-main/screenshots/1469656.webp","0","train","","ok","","37"
"1469659","data/chi-bad-ads-data-main/screenshots/1469659.webp","0","train","","ok","","98"
"1469669","data/chi-bad-ads-data-main/screenshots/1469669.webp","1","train","","ok","","102"
"1469680","data/chi-bad-ads-data-main/screenshots/1469680.webp","0","train","","ok","","76"
"1469693","data/chi-bad-ads-data-main/screenshots/1469693.webp","1","train","","ok","","106"
"1469701","data/chi-bad-ads-data-main/screenshots/1469701.webp","0","train","","ok","","60"
"1469715","data/chi-bad-ads-data-main/screenshots/1469715.webp","0","validation","","ok","","121"
"1469723","data/chi-bad-ads-data-main/screenshots/1469723.webp","0","train","","ok","","29"
"1469745","data/chi-bad-ads-data-main/screenshots/1469745.webp","0","train","","ok","","69"
"1469781","data/chi-bad-ads-data-main/screenshots/1469781.webp","1","train","","ok","","90"
"1469786","data/chi-bad-ads-data-main/screenshots/1469786.webp","0","train","","ok","","131"
"1469814","data/chi-bad-ads-data-main/screenshots/1469814.webp","0","validation","","ok","","105"
"1469836","data/chi-bad-ads-data-main/screenshots/1469836.webp","0","validation","","ok","","24"
"1469915","data/chi-bad-ads-data-main/screenshots/1469915.webp","0","validation","","ok","","95"
"1469969","data/chi-bad-ads-data-main/screenshots/1469969.webp","1","train","","ok","","72"
"1470114","data/chi-bad-ads-data-main/screenshots/1470114.webp","0","train","","ok","","9"
"1470121","data/chi-bad-ads-data-main/screenshots/1470121.webp","0","test","","ok","","72"
"1470148","data/chi-bad-ads-data-main/screenshots/1470148.webp","1","train","","ok","","76"
"1470185","data/chi-bad-ads-data-main/screenshots/1470185.webp","0","train","","ok","","159"
"1470203","data/chi-bad-ads-data-main/screenshots/1470203.webp","0","train","","ok","","94"
"1470231","data/chi-bad-ads-data-main/screenshots/1470231.webp","1","train","","ok","","56"
"1470246","data/chi-bad-ads-data-main/screenshots/1470246.webp","1","validation","","ok","","67"
"1470265","data/chi-bad-ads-data-main/screenshots/1470265.webp","1","train","","ok","","69"
"1470340","data/chi-bad-ads-data-main/screenshots/1470340.webp","1","train","","ok","","55"
"1470355","data/chi-bad-ads-data-main/screenshots/1470355.webp","1","train","","ok","","116"
"1470395","data/chi-bad-ads-data-main/screenshots/1470395.webp","1","train","","ok","","89"
"1470407","data/chi-bad-ads-data-main/screenshots/1470407.webp","1","train","","ok","","109"
"1470429","data/chi-bad-ads-data-main/screenshots/1470429.webp","1","test","","ok","","49"
"1470503","data/chi-bad-ads-data-main/screenshots/1470503.webp","0","test","","ok","","233"
"1470532","data/chi-bad-ads-data-main/screenshots/1470532.webp","0","test","","ok","","52"
"1470535","data/chi-bad-ads-data-main/screenshots/1470535.webp","0","train","","ok","","79"
"1470578","data/chi-bad-ads-data-main/screenshots/1470578.webp","0","train","","ok","","80"
"1470614","data/chi-bad-ads-data-main/screenshots/1470614.webp","1","test","","ok","","87"
"1470633","data/chi-bad-ads-data-main/screenshots/1470633.webp","0","train","","ok","","118"
"1470790","data/chi-bad-ads-data-main/screenshots/1470790.webp","0","train","","ok","","85"
"1470817","data/chi-bad-ads-data-main/screenshots/1470817.webp","1","train","","ok","","296"
"1470821","data/chi-bad-ads-data-main/screenshots/1470821.webp","1","train","","ok","","140"
"1470844","data/chi-bad-ads-data-main/screenshots/1470844.webp","0","train","","ok","","126"
"1470849","data/chi-bad-ads-data-main/screenshots/1470849.webp","1","train","","ok","","222"
"1470872","data/chi-bad-ads-data-main/screenshots/1470872.webp","0","train","","ok","","137"
"1470887","data/chi-bad-ads-data-main/screenshots/1470887.webp","1","test","","ok","","62"
"1470895","data/chi-bad-ads-data-main/screenshots/1470895.webp","1","test","","ok","","403"
"1470998","data/chi-bad-ads-data-main/screenshots/1470998.webp","0","train","","ok","","74"
"1471067","data/chi-bad-ads-data-main/screenshots/1471067.webp","1","train","","ok","","117"
"1471126","data/chi-bad-ads-data-main/screenshots/1471126.webp","0","train","","ok","","102"
"1471141","data/chi-bad-ads-data-main/screenshots/1471141.webp","1","validation","","ok","","54"
"1471171","data/chi-bad-ads-data-main/screenshots/1471171.webp","1","validation","","ok","","85"
"1471178","data/chi-bad-ads-data-main/screenshots/1471178.webp","0","train","","ok","","56"
"1471216","data/chi-bad-ads-data-main/screenshots/1471216.webp","0","validation","","ok","","76"
"1471243","data/chi-bad-ads-data-main/screenshots/1471243.webp","1","test","","ok","","95"
"1471245","data/chi-bad-ads-data-main/screenshots/1471245.webp","0","train","","ok","","111"
"1471414","data/chi-bad-ads-data-main/screenshots/1471414.webp","1","validation","","ok","","180"
"1471419","data/chi-bad-ads-data-main/screenshots/1471419.webp","1","train","","ok","","133"
"1471431","data/chi-bad-ads-data-main/screenshots/1471431.webp","0","train","","ok","","39"
"1471488","data/chi-bad-ads-data-main/screenshots/1471488.webp","0","train","","ok","","122"
"1471520","data/chi-bad-ads-data-main/screenshots/1471520.webp","0","train","","ok","","229"
"1471553","data/chi-bad-ads-data-main/screenshots/1471553.webp","1","train","","ok","","198"
"1471570","data/chi-bad-ads-data-main/screenshots/1471570.webp","0","test","","ok","","94"
"1471578","data/chi-bad-ads-data-main/screenshots/1471578.webp","0","train","","ok","","68"
"1471684","data/chi-bad-ads-data-main/screenshots/1471684.webp","1","validation","","ok","","82"
"1471755","data/chi-bad-ads-data-main/screenshots/1471755.webp","0","test","","ok","","120"
"1471808","data/chi-bad-ads-data-main/screenshots/1471808.webp","0","train","","ok","","102"
"1471867","data/chi-bad-ads-data-main/screenshots/1471867.webp","0","test","","ok","","64"
"1472003","data/chi-bad-ads-data-main/screenshots/1472003.webp","0","validation","","ok","","129"
"1472009","data/chi-bad-ads-data-main/screenshots/1472009.webp","0","train","","ok","","59"
"1472063","data/chi-bad-ads-data-main/screenshots/1472063.webp","0","train","","ok","","65"
"1472075","data/chi-bad-ads-data-main/screenshots/1472075.webp","0","train","","ok","","83"
"1472114","data/chi-bad-ads-data-main/screenshots/1472114.webp","0","test","","ok","","40"
"1472124","data/chi-bad-ads-data-main/screenshots/1472124.webp","0","train","","ok","","147"
"1472173","data/chi-bad-ads-data-main/screenshots/1472173.webp","0","test","","ok","","100"
"1472186","data/chi-bad-ads-data-main/screenshots/1472186.webp","1","validation","","ok","","106"
"1472231","data/chi-bad-ads-data-main/screenshots/1472231.webp","0","train","","ok","","330"
"1472265","data/chi-bad-ads-data-main/screenshots/1472265.webp","0","test","","ok","","125"
"1472295","data/chi-bad-ads-data-main/screenshots/1472295.webp","1","train","","ok","","310"
"1472421","data/chi-bad-ads-data-main/screenshots/1472421.webp","1","test","","ok","","106"
"1472434","data/chi-bad-ads-data-main/screenshots/1472434.webp","0","test","","ok","","59"
"1472445","data/chi-bad-ads-data-main/screenshots/1472445.webp","1","validation","","ok","","237"
"1472484","data/chi-bad-ads-data-main/screenshots/1472484.webp","0","train","","ok","","40"
"1472499","data/chi-bad-ads-data-main/screenshots/1472499.webp","0","train","","ok","","348"
"1472601","data/chi-bad-ads-data-main/screenshots/1472601.webp","1","validation","","ok","","35"
"1472638","data/chi-bad-ads-data-main/screenshots/1472638.webp","0","test","","ok","","33"
"1472730","data/chi-bad-ads-data-main/screenshots/1472730.webp","1","train","","ok","","41"
"1472734","data/chi-bad-ads-data-main/screenshots/1472734.webp","0","train","","ok","","67"
"1473002","data/chi-bad-ads-data-main/screenshots/1473002.webp","1","train","","ok","","87"
"1473205","data/chi-bad-ads-data-main/screenshots/1473205.webp","1","test","","ok","","162"
"1473358","data/chi-bad-ads-data-main/screenshots/1473358.webp","0","train","","ok","","61"
"1473380","data/chi-bad-ads-data-main/screenshots/1473380.webp","1","test","","ok","","47"
"1473388","data/chi-bad-ads-data-main/screenshots/1473388.webp","1","train","","ok","","107"
"1473440","data/chi-bad-ads-data-main/screenshots/1473440.webp","0","test","","ok","","68"
"1473546","data/chi-bad-ads-data-main/screenshots/1473546.webp","0","train","","ok","","115"
"1473601","data/chi-bad-ads-data-main/screenshots/1473601.webp","0","train","","ok","","130"
"1473602","data/chi-bad-ads-data-main/screenshots/1473602.webp","0","validation","","ok","","117"
"1473666","data/chi-bad-ads-data-main/screenshots/1473666.webp","0","train","","ok","","45"
"1473717","data/chi-bad-ads-data-main/screenshots/1473717.webp","1","validation","","ok","","60"
"1473738","data/chi-bad-ads-data-main/screenshots/1473738.webp","1","train","","ok","","117"
"1473756","data/chi-bad-ads-data-main/screenshots/1473756.webp","1","validation","","ok","","53"
"1473762","data/chi-bad-ads-data-main/screenshots/1473762.webp","1","train","","ok","","68"
"1473773","data/chi-bad-ads-data-main/screenshots/1473773.webp","1","train","","ok","","58"
"1473802","data/chi-bad-ads-data-main/screenshots/1473802.webp","1","train","","ok","","54"
"1473914","data/chi-bad-ads-data-main/screenshots/1473914.webp","1","validation","","ok","","52"
"1473958","data/chi-bad-ads-data-main/screenshots/1473958.webp","0","train","","ok","","51"
"1474143","data/chi-bad-ads-data-main/screenshots/1474143.webp","0","train","","ok","","101"
"1474246","data/chi-bad-ads-data-main/screenshots/1474246.webp","0","test","","ok","","76"
"1474249","data/chi-bad-ads-data-main/screenshots/1474249.webp","0","train","","ok","","52"
"1474351","data/chi-bad-ads-data-main/screenshots/1474351.webp","1","train","","ok","","118"
"1474410","data/chi-bad-ads-data-main/screenshots/1474410.webp","0","train","","ok","","69"
"1474471","data/chi-bad-ads-data-main/screenshots/1474471.webp","0","train","","ok","","32"
"1474545","data/chi-bad-ads-data-main/screenshots/1474545.webp","1","validation","","ok","","121"
"1474632","data/chi-bad-ads-data-main/screenshots/1474632.webp","1","train","","ok","","68"
"1474636","data/chi-bad-ads-data-main/screenshots/1474636.webp","1","validation","","ok","","84"
"1474724","data/chi-bad-ads-data-main/screenshots/1474724.webp","0","validation","","ok","","84"
"1474786","data/chi-bad-ads-data-main/screenshots/1474786.webp","1","train","","ok","","64"
"1474796","data/chi-bad-ads-data-main/screenshots/1474796.webp","1","train","","ok","","99"
"1474809","data/chi-bad-ads-data-main/screenshots/1474809.webp","0","train","","ok","","55"
"1474812","data/chi-bad-ads-data-main/screenshots/1474812.webp","0","train","","ok","","153"
"1474819","data/chi-bad-ads-data-main/screenshots/1474819.webp","0","test","","ok","","114"
"1474920","data/chi-bad-ads-data-main/screenshots/1474920.webp","0","train","","ok","","92"
"1474994","data/chi-bad-ads-data-main/screenshots/1474994.webp","1","test","","ok","","93"
"1475019","data/chi-bad-ads-data-main/screenshots/1475019.webp","1","train","","ok","","95"
"1475235","data/chi-bad-ads-data-main/screenshots/1475235.webp","1","train","","ok","","142"
"1475257","data/chi-bad-ads-data-main/screenshots/1475257.webp","0","train","","ok","","65"
"1475331","data/chi-bad-ads-data-main/screenshots/1475331.webp","1","train","","ok","","163"
"1475369","data/chi-bad-ads-data-main/screenshots/1475369.webp","1","train","","ok","","120"
"1475428","data/chi-bad-ads-data-main/screenshots/1475428.webp","1","train","","ok","","63"
"1475479","data/chi-bad-ads-data-main/screenshots/1475479.webp","0","train","","ok","","130"
"1475480","data/chi-bad-ads-data-main/screenshots/1475480.webp","1","train","","ok","","93"
"1475508","data/chi-bad-ads-data-main/screenshots/1475508.webp","0","test","","ok","","94"
"1475583","data/chi-bad-ads-data-main/screenshots/1475583.webp","1","test","","ok","","74"
"1475601","data/chi-bad-ads-data-main/screenshots/1475601.webp","0","train","","ok","","110"
"1475612","data/chi-bad-ads-data-main/screenshots/1475612.webp","1","train","","ok","","131"
"1475620","data/chi-bad-ads-data-main/screenshots/1475620.webp","1","train","","ok","","98"
"1475695","data/chi-bad-ads-data-main/screenshots/1475695.webp","0","validation","","ok","","68"
"1475803","data/chi-bad-ads-data-main/screenshots/1475803.webp","1","train","","ok","","78"
"1475997","data/chi-bad-ads-data-main/screenshots/1475997.webp","1","train","","ok","","99"
"1476110","data/chi-bad-ads-data-main/screenshots/1476110.webp","0","validation","","ok","","69"
"1476136","data/chi-bad-ads-data-main/screenshots/1476136.webp","1","train","","ok","","166"
"1476143","data/chi-bad-ads-data-main/screenshots/1476143.webp","1","train","","ok","","230"
"1476202","data/chi-bad-ads-data-main/screenshots/1476202.webp","0","validation","","ok","","113"
"1476227","data/chi-bad-ads-data-main/screenshots/1476227.webp","0","test","","ok","","56"
"1476238","data/chi-bad-ads-data-main/screenshots/1476238.webp","0","test","","ok","","109"
"1476490","data/chi-bad-ads-data-main/screenshots/1476490.webp","0","train","","ok","","114"
"1476550","data/chi-bad-ads-data-main/screenshots/1476550.webp","0","train","","ok","","76"
"1476603","data/chi-bad-ads-data-main/screenshots/1476603.webp","0","validation","","ok","","101"
"1476615","data/chi-bad-ads-data-main/screenshots/1476615.webp","0","validation","","ok","","58"
"1476767","data/chi-bad-ads-data-main/screenshots/1476767.webp","0","test","","ok","","48"
"1476790","data/chi-bad-ads-data-main/screenshots/1476790.webp","1","test","","ok","","126"
"1476817","data/chi-bad-ads-data-main/screenshots/1476817.webp","1","test","","ok","","98"
"1476836","data/chi-bad-ads-data-main/screenshots/1476836.webp","1","test","","ok","","87"
"1476838","data/chi-bad-ads-data-main/screenshots/1476838.webp","0","train","","ok","","160"
"1476876","data/chi-bad-ads-data-main/screenshots/1476876.webp","0","train","","ok","","68"
"1476879","data/chi-bad-ads-data-main/screenshots/1476879.webp","1","train","","ok","","52"
"1476883","data/chi-bad-ads-data-main/screenshots/1476883.webp","0","validation","","ok","","80"
"1476889","data/chi-bad-ads-data-main/screenshots/1476889.webp","1","train","","ok","","63"
"1476898","data/chi-bad-ads-data-main/screenshots/1476898.webp","0","test","","ok","","67"
"1476943","data/chi-bad-ads-data-main/screenshots/1476943.webp","0","train","","ok","","120"
"1476967","data/chi-bad-ads-data-main/screenshots/1476967.webp","1","train","","ok","","111"
"1477037","data/chi-bad-ads-data-main/screenshots/1477037.webp","0","train","","ok","","63"
"1477062","data/chi-bad-ads-data-main/screenshots/1477062.webp","1","test","","ok","","188"
"1477101","data/chi-bad-ads-data-main/screenshots/1477101.webp","1","train","","ok","","111"
"1477164","data/chi-bad-ads-data-main/screenshots/1477164.webp","0","train","","ok","","41"
"1477175","data/chi-bad-ads-data-main/screenshots/1477175.webp","1","train","","ok","","62"
"1477184","data/chi-bad-ads-data-main/screenshots/1477184.webp","1","train","","ok","","73"
"1477197","data/chi-bad-ads-data-main/screenshots/1477197.webp","1","train","","ok","","62"
"1477215","data/chi-bad-ads-data-main/screenshots/1477215.webp","1","train","","ok","","75"
"1477335","data/chi-bad-ads-data-main/screenshots/1477335.webp","1","train","","ok","","97"
"1477410","data/chi-bad-ads-data-main/screenshots/1477410.webp","1","test","","ok","","84"
"1477559","data/chi-bad-ads-data-main/screenshots/1477559.webp","0","test","","ok","","68"
"1477576","data/chi-bad-ads-data-main/screenshots/1477576.webp","0","train","","ok","","29"
"1477704","data/chi-bad-ads-data-main/screenshots/1477704.webp","1","train","","ok","","49"
"1477859","data/chi-bad-ads-data-main/screenshots/1477859.webp","0","test","","ok","","118"
"1477895","data/chi-bad-ads-data-main/screenshots/1477895.webp","1","train","","ok","","84"
"1477921","data/chi-bad-ads-data-main/screenshots/1477921.webp","0","train","","ok","","117"
"1477932","data/chi-bad-ads-data-main/screenshots/1477932.webp","0","test","","ok","","24"
"1477944","data/chi-bad-ads-data-main/screenshots/1477944.webp","1","train","","ok","","54"
"1477945","data/chi-bad-ads-data-main/screenshots/1477945.webp","0","test","","ok","","137"
"1477962","data/chi-bad-ads-data-main/screenshots/1477962.webp","0","train","","ok","","93"
"1477968","data/chi-bad-ads-data-main/screenshots/1477968.webp","0","train","","ok","","66"
"1477983","data/chi-bad-ads-data-main/screenshots/1477983.webp","1","train","","ok","","140"
"1477984","data/chi-bad-ads-data-main/screenshots/1477984.webp","1","test","","ok","","105"
"1478023","data/chi-bad-ads-data-main/screenshots/1478023.webp","0","train","","ok","","162"
"1478147","data/chi-bad-ads-data-main/screenshots/1478147.webp","0","train","","ok","","10"
"1478276","data/chi-bad-ads-data-main/screenshots/1478276.webp","1","validation","","ok","","79"
"1478285","data/chi-bad-ads-data-main/screenshots/1478285.webp","1","test","","ok","","296"
"1478327","data/chi-bad-ads-data-main/screenshots/1478327.webp","1","train","","ok","","130"
"1478334","data/chi-bad-ads-data-main/screenshots/1478334.webp","0","train","","ok","","169"
"1478371","data/chi-bad-ads-data-main/screenshots/1478371.webp","0","train","","ok","","100"
"1478444","data/chi-bad-ads-data-main/screenshots/1478444.webp","1","validation","","ok","","64"
"1478616","data/chi-bad-ads-data-main/screenshots/1478616.webp","1","train","","ok","","85"
"1478673","data/chi-bad-ads-data-main/screenshots/1478673.webp","1","train","","ok","","72"
"1478691","data/chi-bad-ads-data-main/screenshots/1478691.webp","1","train","","ok","","76"
"1478707","data/chi-bad-ads-data-main/screenshots/1478707.webp","1","test","","ok","","72"
"1478753","data/chi-bad-ads-data-main/screenshots/1478753.webp","1","validation","","ok","","76"
"1478790","data/chi-bad-ads-data-main/screenshots/1478790.webp","1","train","","ok","","44"
"1478837","data/chi-bad-ads-data-main/screenshots/1478837.webp","1","train","","ok","","94"
"1478922","data/chi-bad-ads-data-main/screenshots/1478922.webp","0","train","","ok","","82"
"1478943","data/chi-bad-ads-data-main/screenshots/1478943.webp","0","train","","ok","","50"
"1478986","data/chi-bad-ads-data-main/screenshots/1478986.webp","1","test","","ok","","58"
"1479017","data/chi-bad-ads-data-main/screenshots/1479017.webp","1","train","","ok","","64"
"1479062","data/chi-bad-ads-data-main/screenshots/1479062.webp","1","train","","ok","","88"
"1479071","data/chi-bad-ads-data-main/screenshots/1479071.webp","1","test","","ok","","156"
"1479136","data/chi-bad-ads-data-main/screenshots/1479136.webp","1","train","","ok","","88"
"1479139","data/chi-bad-ads-data-main/screenshots/1479139.webp","0","test","","ok","","119"
"1479182","data/chi-bad-ads-data-main/screenshots/1479182.webp","0","train","","ok","","71"
"1479187","data/chi-bad-ads-data-main/screenshots/1479187.webp","0","test","","ok","","20"
"1479189","data/chi-bad-ads-data-main/screenshots/1479189.webp","0","validation","","ok","","123"
"1479228","data/chi-bad-ads-data-main/screenshots/1479228.webp","0","validation","","ok","","131"
"1479291","data/chi-bad-ads-data-main/screenshots/1479291.webp","0","validation","","ok","","19"
"1479419","data/chi-bad-ads-data-main/screenshots/1479419.webp","0","train","","ok","","205"
"1479467","data/chi-bad-ads-data-main/screenshots/1479467.webp","0","train","","ok","","132"
"1479491","data/chi-bad-ads-data-main/screenshots/1479491.webp","1","train","","ok","","218"
"1479540","data/chi-bad-ads-data-main/screenshots/1479540.webp","0","train","","ok","","95"
"1479701","data/chi-bad-ads-data-main/screenshots/1479701.webp","0","train","","ok","","38"
"1479808","data/chi-bad-ads-data-main/screenshots/1479808.webp","1","test","","ok","","68"
"1479903","data/chi-bad-ads-data-main/screenshots/1479903.webp","0","train","","ok","","120"
"1479939","data/chi-bad-ads-data-main/screenshots/1479939.webp","0","train","","ok","","120"
"1479951","data/chi-bad-ads-data-main/screenshots/1479951.webp","1","train","","ok","","60"
"1480046","data/chi-bad-ads-data-main/screenshots/1480046.webp","0","train","","ok","","105"
"1480081","data/chi-bad-ads-data-main/screenshots/1480081.webp","1","validation","","ok","","104"
"1480353","data/chi-bad-ads-data-main/screenshots/1480353.webp","1","test","","ok","","82"
"1480404","data/chi-bad-ads-data-main/screenshots/1480404.webp","0","test","","ok","","80"
"1480433","data/chi-bad-ads-data-main/screenshots/1480433.webp","1","train","","ok","","79"
"1480464","data/chi-bad-ads-data-main/screenshots/1480464.webp","1","train","","ok","","80"
"1480493","data/chi-bad-ads-data-main/screenshots/1480493.webp","0","train","","ok","","155"
"1480523","data/chi-bad-ads-data-main/screenshots/1480523.webp","0","validation","","ok","","69"
"1480527","data/chi-bad-ads-data-main/screenshots/1480527.webp","0","train","","ok","","176"
"1480552","data/chi-bad-ads-data-main/screenshots/1480552.webp","0","train","","ok","","73"
"1480596","data/chi-bad-ads-data-main/screenshots/1480596.webp","1","train","","ok","","62"
"1480640","data/chi-bad-ads-data-main/screenshots/1480640.webp","0","train","","ok","","52"
"1480643","data/chi-bad-ads-data-main/screenshots/1480643.webp","0","test","","ok","","59"
"1480728","data/chi-bad-ads-data-main/screenshots/1480728.webp","0","train","","ok","","123"
"1480730","data/chi-bad-ads-data-main/screenshots/1480730.webp","0","train","","ok","","122"
"1480748","data/chi-bad-ads-data-main/screenshots/1480748.webp","0","train","","ok","","86"
"1480749","data/chi-bad-ads-data-main/screenshots/1480749.webp","0","train","","ok","","46"
"1480771","data/chi-bad-ads-data-main/screenshots/1480771.webp","1","validation","","ok","","192"
"1480867","data/chi-bad-ads-data-main/screenshots/1480867.webp","0","validation","","ok","","43"
"1480905","data/chi-bad-ads-data-main/screenshots/1480905.webp","0","train","","ok","","46"
"1480906","data/chi-bad-ads-data-main/screenshots/1480906.webp","0","validation","","ok","","37"
