"ad_id","weak_label","probability","prediction","confusion_group","threshold_distance","model","selection_rank","screenshot_path"
"1462836","1","0.4964487552642822","0","FN","0.0035512447357177734","text","1","data/chi-bad-ads-data-main/screenshots/1462836.webp"
"1463328","1","0.4927345216274261","0","FN","0.007265478372573908","text","2","data/chi-bad-ads-data-main/screenshots/1463328.webp"
"1462117","0","0.5001793503761292","1","FP","0.0001793503761291504","text","1","data/chi-bad-ads-data-main/screenshots/1462117.webp"
"1465007","0","0.5013508200645447","1","FP","0.0013508200645446777","text","2","data/chi-bad-ads-data-main/screenshots/1465007.webp"
"1469144","0","0.4992831647396087","0","TN","0.0007168352603912909","text","1","data/chi-bad-ads-data-main/screenshots/1469144.webp"
"1464809","0","0.4990439713001251","0","TN","0.0009560286998748779","text","2","data/chi-bad-ads-data-main/screenshots/1464809.webp"
"1477062","1","0.5041640996932983","1","TP","0.00416409969329834","text","1","data/chi-bad-ads-data-main/screenshots/1477062.webp"
"1468028","1","0.5044935941696167","1","TP","0.004493594169616699","text","2","data/chi-bad-ads-data-main/screenshots/1468028.webp"
"1466200","1","0.476846307516098","0","FN","0.023153692483901978","image","1","data/chi-bad-ads-data-main/screenshots/1466200.webp"
"1463328","1","0.455199271440506","0","FN","0.04480072855949402","image","2","data/chi-bad-ads-data-main/screenshots/1463328.webp"
"1472638","0","0.5197961926460266","1","FP","0.01979619264602661","image","1","data/chi-bad-ads-data-main/screenshots/1472638.webp"
"1472434","0","0.540054976940155","1","FP","0.04005497694015503","image","2","data/chi-bad-ads-data-main/screenshots/1472434.webp"
"1471867","0","0.4773709177970886","0","TN","0.022629082202911377","image","1","data/chi-bad-ads-data-main/screenshots/1471867.webp"
"1472265","0","0.4741268157958984","0","TN","0.025873184204101618","image","2","data/chi-bad-ads-data-main/screenshots/1472265.webp"
"1478986","1","0.5504516363143921","1","TP","0.05045163631439209","image","1","data/chi-bad-ads-data-main/screenshots/1478986.webp"
"1468028","1","0.618500292301178","1","TP","0.11850029230117798","image","2","data/chi-bad-ads-data-main/screenshots/1468028.webp"
"1480353","1","0.4661867916584015","0","FN","0.03381320834159851","fusion","1","data/chi-bad-ads-data-main/screenshots/1480353.webp"
"1461512","1","0.4052433967590332","0","FN","0.0947566032409668","fusion","2","data/chi-bad-ads-data-main/screenshots/1461512.webp"
"1466777","0","0.6577696800231934","1","FP","0.15776968002319336","fusion","1","data/chi-bad-ads-data-main/screenshots/1466777.webp"
"1466632","0","0.7539477348327637","1","FP","0.25394773483276367","fusion","2","data/chi-bad-ads-data-main/screenshots/1466632.webp"
"1477932","0","0.4889121949672699","0","TN","0.011087805032730103","fusion","1","data/chi-bad-ads-data-main/screenshots/1477932.webp"
"1463899","0","0.4277170896530151","0","TN","0.07228291034698492","fusion","2","data/chi-bad-ads-data-main/screenshots/1463899.webp"
"1468254","1","0.7329580783843994","1","TP","0.23295807838439941","fusion","1","data/chi-bad-ads-data-main/screenshots/1468254.webp"
"1476790","1","0.7806949615478516","1","TP","0.28069496154785156","fusion","2","data/chi-bad-ads-data-main/screenshots/1476790.webp"
